﻿"ID","Severity","Last Update","Initial Update","Count","Description",
"2717","Informational","11/01/2018 09:25","11/01/2018 09:25","1","Browser login: Administrator - 10.79.6.23(DNS name not found).",
"2716","Informational","08/09/2018 17:14","08/09/2018 17:11","11","iLO Federation Management logout: DEFAULT - 10.13.92.9(DNS name not found).",
"2715","Informational","08/09/2018 17:14","08/09/2018 17:11","11","iLO Federation Management login: DEFAULT - 10.13.92.9(DNS name not found).",
"2714","Informational","06/03/2018 16:58","06/03/2018 16:58","2","iLO Federation Management logout: DEFAULT - 10.13.92.250(DNS name not found).",
"2713","Informational","06/03/2018 16:58","06/03/2018 16:57","2","iLO Federation Management login: DEFAULT - 10.13.92.250(DNS name not found).",
"2712","Informational","05/15/2018 09:38","05/15/2018 09:38","1","Browser logout: Administrator - 10.10.93.253(DNS name not found).",
"2711","Informational","05/15/2018 09:37","05/15/2018 09:37","2","XML logout: Administrator - 10.10.93.253(DNS name not found).",
"2710","Informational","05/15/2018 09:37","05/15/2018 09:37","2","XML login: Administrator - 10.10.93.253(DNS name not found).",
"2709","Informational","05/15/2018 09:37","05/15/2018 09:37","1","Browser login: Administrator - 10.10.93.253(DNS name not found).",
"2708","Informational","05/08/2018 14:43","05/08/2018 14:43","1","Browser logout: Administrator - 10.13.92.9(DNS name not found).",
"2707","Informational","05/08/2018 12:16","05/08/2018 12:16","1","Browser logout: Administrator - 10.74.38.85(DNS name not found).",
"2706","Informational","05/08/2018 12:05","05/08/2018 12:05","1","Remote console session stopped by: Administrator - 10.13.92.9(DNS name not found).",
"2705","Informational","05/08/2018 12:02","05/08/2018 12:02","1","On-board clock set; was 05/07/2018  21:02:52.",
"2704","Informational","05/07/2018 21:01","05/07/2018 21:01","2","Browser logout: System Administrator - 127.0.0.1(localhost).",
"2703","Informational","05/07/2018 21:01","05/07/2018 21:01","2","Browser login: System Administrator - 127.0.0.1(localhost).",
"2702","Informational","05/07/2018 21:00","05/07/2018 21:00","1","On-board clock set; was 05/08/2018  12:00:24.",
"2701","Caution","05/08/2018 11:59","05/08/2018 11:59","1","Server reset.",
"2700","Informational","05/08/2018 11:52","05/08/2018 11:52","1","On-board clock set; was 05/07/2018  20:52:16.",
"2699","Informational","05/07/2018 20:51","05/07/2018 20:51","2","Browser logout: System Administrator - 127.0.0.1(localhost).",
"2698","Informational","05/07/2018 20:51","05/07/2018 20:51","2","Browser login: System Administrator - 127.0.0.1(localhost).",
"2697","Informational","05/07/2018 20:50","05/07/2018 20:50","1","On-board clock set; was 05/08/2018  11:50:16.",
"2696","Caution","05/08/2018 11:49","05/08/2018 11:49","1","Server reset.",
"2695","Informational","05/08/2018 11:46","05/08/2018 11:46","1","Remote console started by: Administrator - 10.13.92.9(DNS name not found).",
"2694","Informational","05/08/2018 11:46","05/08/2018 11:46","1","Browser login: Administrator - 10.13.92.9(DNS name not found).",
"2693","Informational","05/08/2018 11:45","05/08/2018 11:45","1","Browser login: Administrator - 10.74.38.85(DNS name not found).",
"2692","Informational","05/08/2018 11:41","05/08/2018 11:41","1","On-board clock set; was 05/07/2018  20:41:35.",
"2691","Informational","05/07/2018 20:40","05/07/2018 20:40","2","Browser logout: System Administrator - 127.0.0.1(localhost).",
"2690","Informational","05/07/2018 20:40","05/07/2018 20:40","1","Browser login: System Administrator - 127.0.0.1(localhost).",
"2689","Informational","05/07/2018 20:39","05/07/2018 20:39","1","Browser login: System Administrator - 127.0.0.1(localhost).",
"2688","Informational","05/07/2018 20:38","05/07/2018 20:38","1","On-board clock set; was 01/01/1970  00:02:43.",
"2687","Caution","[NOT SET] ","[NOT SET] ","1","Server reset.",
"2686","Caution","[NOT SET] ","[NOT SET] ","1","Server reset.",
"2685","Informational","[NOT SET] ","[NOT SET] ","1","APO: iLO attempting to power-on the system.",
"2684","Caution","[NOT SET] ","[NOT SET] ","1","Power restored to iLO.",
"2683","Informational","[NOT SET] ","[NOT SET] ","1","iLO network link up at 1000 Mbps.",
"2682","Informational","05/07/2018 20:34","05/07/2018 20:34","1","Server power removed.",
"2681","Informational","05/07/2018 20:32","05/07/2018 20:32","1","XML logout: System Administrator - 127.0.0.1(localhost).",
"2680","Informational","05/07/2018 20:32","05/07/2018 20:32","1","XML login: System Administrator - 127.0.0.1(localhost).",
"2679","Informational","05/07/2018 20:31","05/07/2018 20:31","2","Browser logout: System Administrator - 127.0.0.1(localhost).",
"2678","Informational","05/07/2018 20:31","05/07/2018 20:31","2","Browser login: System Administrator - 127.0.0.1(localhost).",
"2677","Informational","05/07/2018 20:31","05/07/2018 20:31","1","Browser login: Administrator - 10.74.38.85(DNS name not found).",
"2676","Informational","05/07/2018 20:30","05/07/2018 20:30","1","Remote console started by: Administrator - 10.13.92.9(DNS name not found).",
"2675","Informational","05/07/2018 20:30","05/07/2018 20:30","1","On-board clock set; was 05/08/2018  11:30:30.",
"2674","Informational","05/08/2018 11:59","05/08/2018 11:29","3","Embedded Flash/SD-CARD: Restarted.",
"2673","Informational","05/08/2018 11:59","05/08/2018 11:29","3","Server power restored.",
"2672","Caution","05/08/2018 11:29","05/08/2018 11:29","1","Server reset.",
"2671","Informational","05/08/2018 11:28","05/08/2018 11:28","2","Remote console session stopped by: Administrator - 10.13.92.9(DNS name not found).",
"2670","Informational","05/08/2018 11:28","05/08/2018 11:28","1","Remote console started by: Administrator - 10.13.92.9(DNS name not found).",
"2669","Informational","05/08/2018 11:20","05/08/2018 11:20","1","Browser logout: Administrator - 10.10.93.253(DNS name not found).",
"2668","Informational","05/08/2018 11:20","05/08/2018 11:20","1","XML login: Administrator - 10.10.93.253(DNS name not found).",
"2667","Informational","05/08/2018 11:20","05/08/2018 11:20","2","XML logout: Administrator - 10.10.93.253(DNS name not found).",
"2666","Informational","05/08/2018 11:19","05/08/2018 11:19","1","XML login: Administrator - 10.10.93.253(DNS name not found).",
"2665","Informational","05/08/2018 11:19","05/08/2018 11:19","1","Browser login: Administrator - 10.10.93.253(DNS name not found).",
"2664","Informational","05/08/2018 11:11","05/08/2018 11:11","1","Browser logout: Administrator - 10.10.93.253(DNS name not found).",
"2663","Informational","05/08/2018 11:11","05/08/2018 11:11","1","Remote Syslog modified by: Administrator.",
"2662","Informational","05/08/2018 11:11","05/08/2018 11:11","2","iLO SNMP settings modified by: Administrator.",
"2661","Informational","05/08/2018 11:11","05/08/2018 11:11","1","User 1 added by Administrator.",
"2660","Informational","05/08/2018 11:11","05/08/2018 11:11","1","User oobuser modified by Administrator.",
"2659","Informational","05/08/2018 11:11","05/08/2018 11:11","1","User openconsole added by Administrator.",
"2658","Informational","05/08/2018 11:11","05/08/2018 11:11","1","User tos added by Administrator.",
"2657","Informational","05/08/2018 11:11","05/08/2018 11:11","2","XML logout: Administrator - 10.10.93.253(DNS name not found).",
"2656","Informational","05/08/2018 11:11","05/08/2018 11:11","2","XML login: Administrator - 10.10.93.253(DNS name not found).",
"2655","Informational","05/08/2018 11:11","05/08/2018 11:11","1","Browser login: Administrator - 10.10.93.253(DNS name not found).",
"2654","Informational","05/08/2018 10:58","05/08/2018 10:58","1","On-board clock set; was 05/07/2018  19:58:48.",
"2653","Informational","05/07/2018 19:57","05/07/2018 19:57","1","Remote console started by: Administrator - 10.13.92.9(DNS name not found).",
"2652","Informational","05/07/2018 19:57","05/07/2018 19:57","2","Browser logout: System Administrator - 127.0.0.1(localhost).",
"2651","Informational","05/07/2018 19:57","05/07/2018 19:57","1","Browser login: Administrator - 10.13.92.9(DNS name not found).",
"2650","Informational","05/07/2018 19:57","05/07/2018 19:57","2","Browser login: System Administrator - 127.0.0.1(localhost).",
"2649","Informational","05/07/2018 19:56","05/07/2018 19:56","1","On-board clock set; was 01/01/1970  00:02:43.",
"2648","Caution","[NOT SET] ","[NOT SET] ","1","Server reset.",
"2647","Caution","[NOT SET] ","[NOT SET] ","1","Server reset.",
"2646","Informational","[NOT SET] ","[NOT SET] ","1","APO: iLO attempting to power-on the system.",
"2645","Caution","[NOT SET] ","[NOT SET] ","1","Power restored to iLO.",
"2644","Informational","05/08/2018 10:48","05/08/2018 10:48","1","Server power removed.",
"2643","Informational","05/08/2018 10:48","05/08/2018 10:48","1","Embedded Flash/SD-CARD: Restarted.",
"2642","Caution","05/08/2018 10:48","05/08/2018 10:48","1","Server reset.",
"2641","Informational","05/08/2018 10:46","05/08/2018 10:46","1","Remote console started by: Administrator - 10.13.92.9(DNS name not found).",
"2640","Informational","05/07/2018 19:30","05/07/2018 19:30","1","On-board clock set; was 05/07/2018  04:30:15.",
"2639","Informational","05/07/2018 04:29","05/07/2018 04:29","1","Browser login: Administrator - 10.13.92.9(DNS name not found).",
"2638","Informational","05/07/2018 04:29","05/07/2018 04:29","2","Browser logout: System Administrator - 127.0.0.1(localhost).",
"2637","Informational","05/07/2018 04:29","05/07/2018 04:29","1","Browser login: System Administrator - 127.0.0.1(localhost).",
"2636","Informational","05/07/2018 04:28","05/07/2018 04:28","1","Browser login: System Administrator - 127.0.0.1(localhost).",
"2635","Informational","05/07/2018 04:27","05/07/2018 04:27","1","On-board clock set; was 01/01/1970  00:03:01.",
"2634","Caution","[NOT SET] ","[NOT SET] ","1","Server reset.",
"2633","Informational","[NOT SET] ","[NOT SET] ","6","Server power restored.",
"2632","Caution","[NOT SET] ","[NOT SET] ","1","Server reset.",
"2631","Informational","[NOT SET] ","[NOT SET] ","1","APO: iLO attempting to power-on the system.",
"2630","Informational","[NOT SET] ","[NOT SET] ","1","System power was cycled for update to take effect.",
"2629","Caution","05/07/2018 19:25","05/07/2018 19:25","1","Server reset.",
"2628","Informational","05/07/2018 17:27","05/07/2018 17:27","1","Browser login: Administrator - 10.13.92.9(DNS name not found).",
"2627","Caution","05/07/2018 17:22","05/07/2018 17:22","1","Firmware upgrade started from: 127.0.0.1(DNS name not found).",
"2626","Caution","05/07/2018 17:20","05/07/2018 17:20","1","iLO reset for Firmware upgrade.",
"2625","Informational","05/07/2018 17:20","05/07/2018 17:20","1","Firmware upgraded to version 2.55.",
"2624","Informational","05/07/2018 17:20","05/07/2018 17:20","1","iLO network link up at 1000 Mbps.",
"2623","Informational","05/07/2018 17:23","05/07/2018 17:20","2","Firmware upgrade complete.",
"2622","Informational","05/07/2018 17:20","05/07/2018 17:20","1","Browser logout: Administrator - 10.13.92.9(DNS name not found).",
"2621","Informational","05/07/2018 17:16","05/07/2018 17:16","1","Remote console session stopped by: Administrator - 10.13.92.9(DNS name not found).",
"2620","Caution","05/07/2018 17:16","05/07/2018 17:16","1","Firmware upgrade started from: 127.0.0.1(DNS name not found).",
"2619","Informational","05/07/2018 17:12","05/07/2018 17:12","1","On-board clock set; was 05/07/2018  02:12:01.",
"2618","Informational","05/07/2018 02:10","05/07/2018 02:10","22","Browser logout: System Administrator - 127.0.0.1(localhost).",
"2617","Informational","05/07/2018 02:10","05/07/2018 02:10","22","Browser login: System Administrator - 127.0.0.1(localhost).",
"2616","Informational","05/07/2018 02:09","05/07/2018 02:09","1","On-board clock set; was 05/07/2018  17:09:36.",
"2615","Informational","05/07/2018 17:08","05/07/2018 17:08","1","Embedded Flash/SD-CARD: Restarted.",
"2614","Informational","05/07/2018 17:08","05/07/2018 17:08","1","Server power restored.",
"2613","Caution","05/07/2018 17:08","05/07/2018 17:08","1","Server reset.",
"2612","Informational","05/07/2018 17:08","05/07/2018 17:08","1","On-board clock set; was 05/07/2018  02:08:05.",
"2611","Informational","05/07/2018 02:01","05/07/2018 02:01","22","Browser logout: System Administrator - 127.0.0.1(localhost).",
"2610","Informational","05/07/2018 02:01","05/07/2018 02:01","22","Browser login: System Administrator - 127.0.0.1(localhost).",
"2609","Caution","05/07/2018 01:59","05/07/2018 01:59","1","Server reset.",
"2608","Informational","05/07/2018 01:48","05/07/2018 01:48","1","Remote console session stopped by: Administrator - 10.74.38.85(DNS name not found).",
"2607","Informational","05/07/2018 01:48","05/07/2018 01:48","1","Remote console started by: Administrator - 10.74.38.85(DNS name not found).",
"2606","Informational","05/07/2018 01:48","05/07/2018 01:48","7","Browser login: System Administrator - 127.0.0.1(localhost).",
"2605","Informational","05/07/2018 01:48","05/07/2018 01:48","8","Browser logout: System Administrator - 127.0.0.1(localhost).",
"2604","Informational","05/07/2018 01:47","05/07/2018 01:47","1","Browser login: Administrator - 10.74.38.85(DNS name not found).",
"2603","Informational","05/07/2018 01:47","05/07/2018 01:47","14","Browser logout: System Administrator - 127.0.0.1(localhost).",
"2602","Informational","05/07/2018 01:47","05/07/2018 01:47","15","Browser login: System Administrator - 127.0.0.1(localhost).",
"2601","Informational","05/07/2018 01:46","05/07/2018 01:46","1","On-board clock set; was 01/01/1970  00:02:49.",
"2600","Informational","[NOT SET] ","[NOT SET] ","1","Remote console started by: Administrator - 10.13.92.9(DNS name not found).",
"2599","Informational","[NOT SET] ","[NOT SET] ","1","Browser login: Administrator - 10.13.92.9(DNS name not found).",
"2598","Caution","[NOT SET] ","[NOT SET] ","1","Server reset.",
"2597","Caution","[NOT SET] ","[NOT SET] ","1","Server reset.",
"2596","Informational","[NOT SET] ","[NOT SET] ","1","APO: iLO attempting to power-on the system.",
"2595","Caution","[NOT SET] ","[NOT SET] ","1","Power restored to iLO.",
"2594","Caution","05/07/2018 01:41","05/07/2018 01:41","1","Server reset.",
"2593","Informational","05/07/2018 01:35","05/07/2018 01:35","22","Browser logout: System Administrator - 127.0.0.1(localhost).",
"2592","Informational","05/07/2018 01:35","05/07/2018 01:35","22","Browser login: System Administrator - 127.0.0.1(localhost).",
"2591","Caution","05/07/2018 01:33","05/07/2018 01:33","1","Server reset.",
"2590","Informational","05/07/2018 01:25","05/07/2018 01:25","22","Browser logout: System Administrator - 127.0.0.1(localhost).",
"2589","Informational","05/07/2018 01:25","05/07/2018 01:25","22","Browser login: System Administrator - 127.0.0.1(localhost).",
"2588","Informational","05/07/2018 01:25","05/07/2018 01:25","1","Virtual media connected by: Administrator.",
"2587","Caution","05/07/2018 01:23","05/07/2018 01:23","1","Server reset.",
"2586","Informational","05/07/2018 01:23","05/07/2018 01:23","1","Virtual media disconnected by: Administrator.",
"2585","Informational","05/07/2018 01:10","05/07/2018 01:10","22","Browser logout: System Administrator - 127.0.0.1(localhost).",
"2584","Informational","05/07/2018 01:10","05/07/2018 01:10","22","Browser login: System Administrator - 127.0.0.1(localhost).",
"2583","Informational","05/07/2018 01:10","05/07/2018 01:10","1","Virtual media connected by: Administrator.",
"2582","Caution","05/07/2018 01:08","05/07/2018 01:08","1","Server reset.",
"2581","Caution","05/07/2018 01:08","05/07/2018 01:08","1","Server reset.",
"2580","Informational","05/07/2018 01:42","05/07/2018 01:08","2","Server power removed.",
"2579","Informational","05/07/2018 01:08","05/07/2018 01:08","1","Power on request received by: Automatic Power Recovery.",
"2578","Informational","05/07/2018 01:08","05/07/2018 01:08","1","Virtual media disconnected by: Administrator.",
"2577","Informational","05/07/2018 01:06","05/07/2018 01:06","2","XML logout: System Administrator - 127.0.0.1(localhost).",
"2576","Informational","05/07/2018 01:06","05/07/2018 01:06","2","XML login: System Administrator - 127.0.0.1(localhost).",
"2575","Informational","05/07/2018 01:05","05/07/2018 01:05","1","XML logout: System Administrator - 127.0.0.1(localhost).",
"2574","Informational","05/07/2018 01:05","05/07/2018 01:05","1","XML login: System Administrator - 127.0.0.1(localhost).",
"2573","Informational","05/07/2018 01:03","05/07/2018 01:03","22","Browser logout: System Administrator - 127.0.0.1(localhost).",
"2572","Informational","05/07/2018 01:03","05/07/2018 01:03","22","Browser login: System Administrator - 127.0.0.1(localhost).",
"2571","Informational","05/07/2018 01:01","05/07/2018 01:01","1","Virtual media connected by: Administrator.",
"2570","Informational","05/07/2018 01:59","05/07/2018 01:01","6","Embedded Flash/SD-CARD: Restarted.",
"2569","Informational","05/07/2018 01:59","05/07/2018 01:01","6","Server power restored.",
"2568","Caution","05/07/2018 01:01","05/07/2018 01:01","1","Server reset.",
"2567","Caution","05/07/2018 01:01","05/07/2018 01:01","1","Host server reset by: Administrator.",
"2566","Informational","05/07/2018 01:01","05/07/2018 01:01","1","Remote console started by: Administrator - 10.13.92.9(DNS name not found).",
"2565","Informational","05/07/2018 00:59","05/07/2018 00:59","1","Remote console session stopped by: Administrator - 10.74.38.85(DNS name not found).",
"2564","Informational","05/07/2018 00:47","05/07/2018 00:47","1","Remote console session stopped by: Administrator - 10.13.92.9(DNS name not found).",
"2563","Informational","05/07/2018 00:47","05/07/2018 00:47","1","Remote console started by: Administrator - 10.13.92.9(DNS name not found).",
"2562","Informational","05/07/2018 00:31","05/07/2018 00:31","22","Browser logout: System Administrator - 127.0.0.1(localhost).",
"2561","Informational","05/07/2018 00:31","05/07/2018 00:31","22","Browser login: System Administrator - 127.0.0.1(localhost).",
"2560","Caution","05/07/2018 00:29","05/07/2018 00:29","1","Server reset.",
"2559","Caution","05/07/2018 00:29","05/07/2018 00:29","1","Host server reset by: Administrator.",
"2558","Informational","05/07/2018 00:29","05/07/2018 00:29","1","Remote console started by: Administrator - 10.74.38.85(DNS name not found).",
"2557","Informational","05/07/2018 00:29","05/07/2018 00:29","22","Browser logout: System Administrator - 127.0.0.1(localhost).",
"2556","Informational","05/07/2018 00:29","05/07/2018 00:29","22","Browser login: System Administrator - 127.0.0.1(localhost).",
"2555","Informational","05/07/2018 00:29","05/07/2018 00:29","1","Browser login: Administrator - 10.74.38.85(DNS name not found).",
"2554","Informational","05/07/2018 00:27","05/07/2018 00:27","1","Browser login: Administrator - 10.13.92.9(DNS name not found).",
"2553","Caution","05/07/2018 00:27","05/07/2018 00:27","1","Server reset.",
"2552","Informational","05/07/2018 00:26","05/07/2018 00:26","1","iLO network link up at 1000 Mbps.",
"2551","Caution","05/07/2018 00:26","05/07/2018 00:26","1","iLO reset by user diagnostics.",
"2550","Caution","05/07/2018 00:26","05/07/2018 00:26","1","iLO Management Processor reset.",
"2549","Informational","05/07/2018 00:25","05/07/2018 00:25","8","Browser logout: System Administrator - 127.0.0.1(localhost).",
"2548","Informational","05/07/2018 00:25","05/07/2018 00:25","8","Browser login: System Administrator - 127.0.0.1(localhost).",
"2547","Informational","05/07/2018 00:24","05/07/2018 00:24","14","Browser logout: System Administrator - 127.0.0.1(localhost).",
"2546","Informational","05/07/2018 00:24","05/07/2018 00:24","14","Browser login: System Administrator - 127.0.0.1(localhost).",
"2545","Informational","05/07/2018 00:29","05/07/2018 00:22","3","Embedded Flash/SD-CARD: Restarted.",
"2544","Informational","05/07/2018 00:29","05/07/2018 00:22","3","Server power restored.",
"2543","Caution","05/07/2018 00:22","05/07/2018 00:22","1","Server reset.",
"2542","Informational","05/07/2018 00:05","05/07/2018 00:05","1","Browser logout: System Administrator - 127.0.0.1(localhost).",
"2541","Informational","05/07/2018 00:05","05/07/2018 00:05","21","Browser logout: System Administrator - 127.0.0.1(localhost).",
"2540","Informational","05/07/2018 00:05","05/07/2018 00:05","22","Browser login: System Administrator - 127.0.0.1(localhost).",
"2539","Informational","05/07/2018 00:04","05/07/2018 00:04","1","On-board clock set; was 01/01/1970  00:03:42.",
"2538","Caution","[NOT SET] ","[NOT SET] ","1","Server reset.",
"2537","Caution","[NOT SET] ","[NOT SET] ","1","Server reset.",
"2536","Informational","[NOT SET] ","[NOT SET] ","1","Server power removed.",
"2535","Informational","[NOT SET] ","[NOT SET] ","1","Power on request received by: Automatic Power Recovery.",
"2534","Caution","[NOT SET] ","[NOT SET] ","1","Server reset.",
"2533","Caution","[NOT SET] ","[NOT SET] ","1","Server reset.",
"2532","Informational","[NOT SET] ","[NOT SET] ","1","APO: iLO attempting to power-on the system.",
"2531","Critical","[NOT SET] ","[NOT SET] ","1","Duplicate IP address 10.12.173.173 detected on network.",
"2530","Caution","[NOT SET] ","[NOT SET] ","1","Power restored to iLO.",
"2529","Caution","05/06/2018 19:21","05/06/2018 19:21","1","iLO network link down.",
"2528","Informational","05/06/2018 19:21","05/06/2018 19:21","1","Server power removed.",
"2527","Caution","05/06/2018 19:21","05/06/2018 19:21","1","Server reset.",
"2526","Caution","05/06/2018 19:21","05/06/2018 19:21","1","Power-Off signal sent to host server by: Administrator.",
"2525","Informational","05/06/2018 19:11","05/06/2018 19:11","22","Browser logout: System Administrator - 127.0.0.1(localhost).",
"2524","Informational","05/06/2018 19:11","05/06/2018 19:11","22","Browser login: System Administrator - 127.0.0.1(localhost).",
"2523","Informational","05/06/2018 19:10","05/06/2018 19:10","1","Embedded Flash/SD-CARD: Restarted.",
"2522","Informational","05/06/2018 19:09","05/06/2018 19:09","1","Server power restored.",
"2521","Caution","05/06/2018 19:09","05/06/2018 19:09","1","Server reset.",
"2520","Caution","05/06/2018 19:09","05/06/2018 19:09","1","Host server reset by: Administrator.",
"2519","Informational","05/06/2018 19:08","05/06/2018 19:08","1","Browser login: Administrator - 10.12.173.174(DNS name not found).",
"2518","Informational","05/06/2018 19:08","05/06/2018 19:08","22","Browser logout: System Administrator - 127.0.0.1(localhost).",
"2517","Informational","05/06/2018 19:08","05/06/2018 19:08","22","Browser login: System Administrator - 127.0.0.1(localhost).",
"2516","Informational","05/06/2018 19:07","05/06/2018 19:07","1","iLO network link up at 1000 Mbps.",
"2515","Informational","05/06/2018 19:07","05/06/2018 19:07","1","On-board clock set; was 01/01/1970  00:02:33.",
"2514","Informational","[NOT SET] ","[NOT SET] ","4","Embedded Flash/SD-CARD: Restarted.",
"2513","Caution","[NOT SET] ","[NOT SET] ","1","Server reset.",
"2512","Informational","[NOT SET] ","[NOT SET] ","1","APO: Last power state restored.",
"2511","Caution","[NOT SET] ","[NOT SET] ","1","Server reset.",
"2510","Caution","[NOT SET] ","[NOT SET] ","1","Power restored to iLO.",
"2509","Caution","[NOT SET] ","[NOT SET] ","1","Power restored to iLO.",
"2508","Caution","04/06/2018 02:21","04/06/2018 02:21","1","iLO network link down.",
"2507","Informational","04/06/2018 02:18","04/06/2018 02:18","1","Browser login: Administrator - 10.13.92.9(DNS name not found).",
"2506","Informational","04/06/2018 02:15","04/06/2018 02:15","22","Browser logout: System Administrator - 127.0.0.1(localhost).",
"2505","Informational","04/06/2018 02:15","04/06/2018 02:15","22","Browser login: System Administrator - 127.0.0.1(localhost).",
"2504","Informational","04/06/2018 02:13","04/06/2018 02:13","1","Embedded Flash/SD-CARD: Restarted.",
"2503","Informational","04/06/2018 02:13","04/06/2018 02:13","1","Server power restored.",
"2502","Caution","04/06/2018 02:13","04/06/2018 02:13","1","Server reset.",
"2501","Caution","04/06/2018 02:13","04/06/2018 02:13","1","Host server reset by: Administrator.",
"2500","Informational","04/06/2018 02:13","04/06/2018 02:13","1","Remote console started by: Administrator - 10.74.38.85(DNS name not found).",
"2499","Informational","04/06/2018 02:12","04/06/2018 02:12","1","Browser login: Administrator - 10.74.38.85(DNS name not found).",
"2498","Caution","04/06/2018 02:12","04/06/2018 02:12","1","iLO reset for Firmware upgrade.",
"2497","Informational","04/06/2018 02:12","04/06/2018 02:12","1","Firmware upgraded to version 2.50.",
"2496","Informational","04/06/2018 02:12","04/06/2018 02:12","1","iLO network link up at 1000 Mbps.",
"2495","Informational","04/06/2018 02:11","04/06/2018 02:11","1","Browser logout: Administrator - 10.74.38.85(DNS name not found).",
"2494","Informational","04/06/2018 02:11","04/06/2018 02:11","1","Browser logout: Administrator - 10.74.38.85(DNS name not found).",
"2493","Informational","04/06/2018 02:11","04/06/2018 02:11","1","Browser logout: Administrator - 10.13.92.9(DNS name not found).",
"2492","Informational","04/06/2018 02:11","04/06/2018 02:11","1","Firmware upgrade complete.",
"2491","Caution","04/06/2018 02:08","04/06/2018 02:08","1","Firmware upgrade started from: 10.74.38.85(DNS name not found).",
"2490","Informational","04/06/2018 02:07","04/06/2018 02:07","1","Remote console session stopped by: Administrator - 10.74.38.85(DNS name not found).",
"2489","Caution","04/06/2018 02:04","04/06/2018 02:04","1","Firmware upgrade via web page failed.",
"2488","Informational","04/06/2018 01:56","04/06/2018 01:56","1","Browser login: Administrator - 10.13.92.9(DNS name not found).",
"2487","Informational","04/06/2018 01:53","04/06/2018 01:53","1","Browser logout: System Administrator - 127.0.0.1(localhost).",
"2486","Informational","04/06/2018 01:53","04/06/2018 01:53","1","Browser login: System Administrator - 127.0.0.1(localhost).",
"2485","Informational","04/06/2018 01:53","04/06/2018 01:53","1","Browser logout: System Administrator - 127.0.0.1(localhost).",
"2484","Informational","04/06/2018 01:53","04/06/2018 01:53","1","Browser login: System Administrator - 127.0.0.1(localhost).",
"2483","Informational","04/06/2018 01:53","04/06/2018 01:53","1","Browser logout: System Administrator - 127.0.0.1(localhost).",
"2482","Informational","04/06/2018 01:53","04/06/2018 01:53","1","Browser login: System Administrator - 127.0.0.1(localhost).",
"2481","Informational","04/06/2018 01:53","04/06/2018 01:53","1","Browser logout: System Administrator - 127.0.0.1(localhost).",
"2480","Informational","04/06/2018 01:53","04/06/2018 01:53","1","Browser login: System Administrator - 127.0.0.1(localhost).",
"2479","Informational","04/06/2018 01:51","04/06/2018 01:51","1","Remote console started by: Administrator - 10.74.38.85(DNS name not found).",
"2478","Informational","04/06/2018 01:51","04/06/2018 01:51","1","On-board clock set; was 01/01/1970  00:03:07.",
"2477","Caution","[NOT SET] ","[NOT SET] ","1","Server reset.",
"2476","Caution","[NOT SET] ","[NOT SET] ","1","Server reset.",
"2475","Informational","[NOT SET] ","[NOT SET] ","1","APO: iLO attempting to power-on the system.",
"2474","Caution","[NOT SET] ","[NOT SET] ","1","Power restored to iLO.",
"2473","Informational","04/06/2018 01:44","04/06/2018 01:44","1","Server power removed.",
"2472","Informational","04/06/2018 01:43","04/06/2018 01:43","1","Embedded Flash/SD-CARD: Restarted.",
"2471","Caution","04/06/2018 01:43","04/06/2018 01:43","1","Server reset.",
"2470","Informational","04/06/2018 01:38","04/06/2018 01:38","1","Remote console started by: Administrator - 10.13.92.9(DNS name not found).",
"2469","Informational","04/06/2018 01:34","04/06/2018 01:34","1","Browser login: Administrator - 10.74.38.85(DNS name not found).",
"2468","Informational","04/06/2018 01:31","04/06/2018 01:31","1","Browser login: Administrator - 10.13.92.9(DNS name not found).",
"2467","Informational","04/06/2018 01:28","04/06/2018 01:28","1","Browser logout: System Administrator - 127.0.0.1(localhost).",
"2466","Informational","04/06/2018 01:28","04/06/2018 01:28","1","Browser login: System Administrator - 127.0.0.1(localhost).",
"2465","Informational","04/06/2018 01:28","04/06/2018 01:28","1","Browser logout: System Administrator - 127.0.0.1(localhost).",
"2464","Informational","04/06/2018 01:28","04/06/2018 01:28","1","Browser login: System Administrator - 127.0.0.1(localhost).",
"2463","Informational","04/06/2018 01:28","04/06/2018 01:28","1","Browser logout: System Administrator - 127.0.0.1(localhost).",
"2462","Informational","04/06/2018 01:28","04/06/2018 01:28","1","Browser login: System Administrator - 127.0.0.1(localhost).",
"2461","Informational","04/06/2018 01:28","04/06/2018 01:28","3","Browser logout: System Administrator - 127.0.0.1(localhost).",
"2460","Informational","04/06/2018 01:28","04/06/2018 01:28","2","Browser login: System Administrator - 127.0.0.1(localhost).",
"2459","Informational","04/06/2018 01:27","04/06/2018 01:27","1","On-board clock set; was 01/01/1970  00:03:04.",
"2458","Caution","[NOT SET] ","[NOT SET] ","1","Server reset.",
"2457","Caution","[NOT SET] ","[NOT SET] ","1","Server reset.",
"2456","Informational","[NOT SET] ","[NOT SET] ","1","APO: iLO attempting to power-on the system.",
"2455","Caution","[NOT SET] ","[NOT SET] ","1","Power restored to iLO.",
"2454","Caution","04/06/2018 01:44","04/06/2018 01:11","2","iLO network link down.",
"2453","Informational","04/06/2018 00:55","04/06/2018 00:55","1","Server power removed.",
"2452","Informational","04/06/2018 00:55","04/06/2018 00:55","1","Remote console session stopped by: Administrator - 10.13.92.9(DNS name not found).",
"2451","Caution","04/06/2018 00:55","04/06/2018 00:55","1","Server reset.",
"2450","Informational","04/06/2018 00:53","04/06/2018 00:53","1","Browser login: Administrator - 10.74.38.85(DNS name not found).",
"2449","Informational","04/06/2018 00:08","04/06/2018 00:08","1","Virtual media disconnected by: Administrator.",
"2448","Informational","04/06/2018 00:07","04/06/2018 00:07","1","Browser logout: System Administrator - 127.0.0.1(localhost).",
"2447","Informational","04/06/2018 00:07","04/06/2018 00:07","1","Browser login: System Administrator - 127.0.0.1(localhost).",
"2446","Informational","04/06/2018 00:07","04/06/2018 00:07","1","Browser logout: System Administrator - 127.0.0.1(localhost).",
"2445","Informational","04/06/2018 00:07","04/06/2018 00:07","1","Browser login: System Administrator - 127.0.0.1(localhost).",
"2444","Informational","04/06/2018 00:07","04/06/2018 00:07","1","Browser logout: System Administrator - 127.0.0.1(localhost).",
"2443","Informational","04/06/2018 00:07","04/06/2018 00:07","1","Browser login: System Administrator - 127.0.0.1(localhost).",
"2442","Informational","04/06/2018 00:07","04/06/2018 00:07","4","Browser logout: System Administrator - 127.0.0.1(localhost).",
"2441","Informational","04/06/2018 00:07","04/06/2018 00:07","3","Browser login: System Administrator - 127.0.0.1(localhost).",
"2440","Informational","04/06/2018 00:55","04/06/2018 00:05","2","Embedded Flash/SD-CARD: Restarted.",
"2439","Informational","04/06/2018 00:05","04/06/2018 00:05","1","Server power restored.",
"2438","Caution","04/06/2018 00:05","04/06/2018 00:05","1","Server reset.",
"2437","Informational","04/05/2018 23:59","04/05/2018 23:59","1","Virtual media connected by: Administrator.",
"2436","Informational","04/05/2018 23:58","04/05/2018 23:58","1","Browser logout: System Administrator - 127.0.0.1(localhost).",
"2435","Informational","04/05/2018 23:58","04/05/2018 23:58","1","Browser login: System Administrator - 127.0.0.1(localhost).",
"2434","Informational","04/05/2018 23:58","04/05/2018 23:58","1","Browser logout: System Administrator - 127.0.0.1(localhost).",
"2433","Informational","04/05/2018 23:58","04/05/2018 23:58","1","Browser login: System Administrator - 127.0.0.1(localhost).",
"2432","Informational","04/05/2018 23:58","04/05/2018 23:58","1","Browser logout: System Administrator - 127.0.0.1(localhost).",
"2431","Informational","04/05/2018 23:58","04/05/2018 23:58","1","Browser login: System Administrator - 127.0.0.1(localhost).",
"2430","Informational","04/05/2018 23:58","04/05/2018 23:58","5","Browser logout: System Administrator - 127.0.0.1(localhost).",
"2429","Informational","04/05/2018 23:58","04/05/2018 23:58","4","Browser login: System Administrator - 127.0.0.1(localhost).",
"2428","Caution","04/05/2018 23:56","04/05/2018 23:56","1","Server reset.",
"2427","Informational","04/05/2018 23:56","04/05/2018 23:56","1","Browser logout: Administrator - 10.74.38.85(DNS name not found).",
"2426","Informational","04/05/2018 23:54","04/05/2018 23:54","1","Virtual media disconnected by: Administrator.",
"2425","Informational","04/05/2018 23:43","04/05/2018 23:43","1","Browser logout: System Administrator - 127.0.0.1(localhost).",
"2424","Informational","04/05/2018 23:43","04/05/2018 23:43","1","Browser login: System Administrator - 127.0.0.1(localhost).",
"2423","Informational","04/05/2018 23:43","04/05/2018 23:43","1","Browser logout: System Administrator - 127.0.0.1(localhost).",
"2422","Informational","04/05/2018 23:43","04/05/2018 23:43","1","Browser login: System Administrator - 127.0.0.1(localhost).",
"2421","Informational","04/05/2018 23:43","04/05/2018 23:43","1","Browser logout: System Administrator - 127.0.0.1(localhost).",
"2420","Informational","04/05/2018 23:43","04/05/2018 23:43","1","Browser login: System Administrator - 127.0.0.1(localhost).",
"2419","Informational","04/05/2018 23:43","04/05/2018 23:43","4","Browser logout: System Administrator - 127.0.0.1(localhost).",
"2418","Informational","04/05/2018 23:43","04/05/2018 23:43","4","Browser login: System Administrator - 127.0.0.1(localhost).",
"2417","Caution","04/05/2018 23:41","04/05/2018 23:41","1","Host server reset by: Administrator.",
"2416","Caution","04/05/2018 23:41","04/05/2018 23:41","1","Server reset.",
"2415","Informational","04/05/2018 23:40","04/05/2018 23:40","1","Browser logout: System Administrator - 127.0.0.1(localhost).",
"2414","Informational","04/05/2018 23:40","04/05/2018 23:40","1","Browser login: System Administrator - 127.0.0.1(localhost).",
"2413","Informational","04/05/2018 23:40","04/05/2018 23:40","1","Browser logout: System Administrator - 127.0.0.1(localhost).",
"2412","Informational","04/05/2018 23:40","04/05/2018 23:40","1","Browser login: System Administrator - 127.0.0.1(localhost).",
"2411","Informational","04/05/2018 23:40","04/05/2018 23:40","1","Browser logout: System Administrator - 127.0.0.1(localhost).",
"2410","Informational","04/05/2018 23:40","04/05/2018 23:40","1","Browser login: System Administrator - 127.0.0.1(localhost).",
"2409","Informational","04/05/2018 23:40","04/05/2018 23:40","4","Browser logout: System Administrator - 127.0.0.1(localhost).",
"2408","Informational","04/05/2018 23:40","04/05/2018 23:40","4","Browser login: System Administrator - 127.0.0.1(localhost).",
"2407","Informational","04/05/2018 23:38","04/05/2018 23:38","1","Virtual media connected by: Administrator.",
"2406","Caution","04/05/2018 23:38","04/05/2018 23:38","1","Server reset.",
"2405","Caution","04/05/2018 23:38","04/05/2018 23:38","1","Server reset.",
"2404","Informational","04/05/2018 23:38","04/05/2018 23:38","1","Power on request received by: Automatic Power Recovery.",
"2403","Informational","04/05/2018 23:38","04/05/2018 23:38","1","Virtual media disconnected by: Administrator.",
"2402","Informational","04/05/2018 23:35","04/05/2018 23:35","1","Browser logout: System Administrator - 127.0.0.1(localhost).",
"2401","Informational","04/05/2018 23:35","04/05/2018 23:35","1","Browser login: System Administrator - 127.0.0.1(localhost).",
"2400","Informational","04/05/2018 23:35","04/05/2018 23:35","1","Browser logout: System Administrator - 127.0.0.1(localhost).",
"2399","Informational","04/05/2018 23:35","04/05/2018 23:35","1","Browser login: System Administrator - 127.0.0.1(localhost).",
"2398","Informational","04/05/2018 23:35","04/05/2018 23:35","1","Browser logout: System Administrator - 127.0.0.1(localhost).",
"2397","Informational","04/05/2018 23:35","04/05/2018 23:35","1","Browser login: System Administrator - 127.0.0.1(localhost).",
"2396","Informational","04/05/2018 23:35","04/05/2018 23:35","7","Browser logout: System Administrator - 127.0.0.1(localhost).",
"2395","Informational","04/05/2018 23:35","04/05/2018 23:35","5","Browser login: System Administrator - 127.0.0.1(localhost).",
"2394","Informational","04/05/2018 23:33","04/05/2018 23:33","1","Virtual media connected by: Administrator.",
"2393","Caution","04/05/2018 23:32","04/05/2018 23:32","1","Server reset.",
"2392","Caution","04/05/2018 23:32","04/05/2018 23:32","1","Server reset.",
"2391","Informational","04/05/2018 23:38","04/05/2018 23:32","2","Server power removed.",
